"date","core_infl_est","hcserv_contrib","hcserv_contrib_share"
1959-01-31,NA,NA,NA
1959-02-28,NA,NA,NA
1959-03-31,NA,NA,NA
1959-04-30,NA,NA,NA
1959-05-31,NA,NA,NA
1959-06-30,NA,NA,NA
1959-07-31,NA,NA,NA
1959-08-31,NA,NA,NA
1959-09-30,NA,NA,NA
1959-10-31,NA,NA,NA
1959-11-30,NA,NA,NA
1959-12-31,NA,NA,NA
1960-01-31,2.03640243591154,0.278635391775316,13.6827272871824
1960-02-29,2.15695329171692,0.333242996942404,15.4497085413076
1960-03-31,2.05944398805301,0.38171150562225,18.5346874125534
1960-04-30,1.99000395633964,0.403892656579525,20.2960730451227
1960-05-31,2.07108869033002,0.462270564840149,22.3201723324793
1960-06-30,1.84857019055286,0.494194010006777,26.7338515211573
1960-07-31,1.79351046915755,0.509867748013399,28.4284790516386
1960-08-31,1.77079137561618,0.519023591253022,29.3102619766497
1960-09-30,1.58097638256974,0.512861505030419,32.439542467852
1960-10-31,1.46551138740765,0.480662009166908,32.7982445784439
1960-11-30,1.56225647120382,0.46739316123121,29.9178252640587
1960-12-31,1.39416531767528,0.445155202162108,31.9298720545128
1961-01-31,1.38947467612712,0.469364665714057,33.7800086448726
1961-02-28,1.28080426692264,0.386308262786157,30.161381622684
1961-03-31,1.28985823787569,0.310795680754764,24.0953363422807
1961-04-30,1.24903682380533,0.2472651392208,19.7964651248215
1961-05-31,1.20736129538119,0.168476774393956,13.9541308006535
1961-06-30,1.28791877187012,0.112168835625762,8.7093097853436
1961-07-31,1.26079496090062,0.0841747919264688,6.67632680466463
1961-08-31,1.20773787786284,0.0439870399559739,3.64210154887346
1961-09-30,1.33065885686392,0.0257692382302076,1.93657736521141
1961-10-31,1.2995693779032,0.0111348782445005,0.856812913094806
1961-11-30,1.04717534433049,-0.00220761511226132,-0.210816185103436
1961-12-31,1.16564983582641,0.0144008469946769,1.23543508110797
1962-01-31,1.25392266417525,0.0458662784595795,3.65782354605956
1962-02-28,1.32974740188331,0.084954492775653,6.38876922454089
1962-03-31,1.52971063321972,0.102263976747262,6.68518440850592
1962-04-30,1.41160626293839,0.156609697782462,11.0944320590123
1962-05-31,1.41861775514137,0.160401634964533,11.3068960530913
1962-06-30,1.4723657868181,0.198257049276405,13.4652034875691
1962-07-31,1.39104198329741,0.201744565989369,14.5031256002167
1962-08-31,1.31471772447306,0.225954218108612,17.1865195016804
1962-09-30,1.30058406496246,0.227665689695489,17.5048807554059
1962-10-31,1.27102809362454,0.241040025382465,18.9641776284505
1962-11-30,1.31683258564561,0.263755775981834,20.029560238481
1962-12-31,1.25049488840028,0.247910301701052,19.8249752158681
1963-01-31,1.3369877234796,0.235655559896864,17.6258581704516
1963-02-28,1.28491351626782,0.22684852734006,17.6547701046035
1963-03-31,1.10653213748018,0.223702397150453,20.2165296039095
1963-04-30,1.21327993277788,0.186562188119691,15.3766812653486
1963-05-31,1.26097373424597,0.201395814666427,15.9714519975197
1963-06-30,1.23520482171322,0.19603665755009,15.8707814367327
1963-07-31,1.23902581589941,0.201539254157401,16.2659447100465
1963-08-31,1.31492262835374,0.21293244655011,16.1935342778835
1963-09-30,1.30261626418824,0.202730121569735,15.563303418146
1963-10-31,1.54048068861152,0.197508154662052,12.8212028960955
1963-11-30,1.55738221007413,0.171853716702802,11.034781031345
1963-12-31,1.66614585355576,0.201109346896703,12.0703326462993
1964-01-31,1.61633181092937,0.234016252044554,14.4782309215332
1964-02-29,1.69925473381982,0.230122839602027,13.542574578252
1964-03-31,1.73208851556636,0.251068712894012,14.4951433277022
1964-04-30,1.70051414946391,0.273185494954234,16.0648763222792
1964-05-31,1.59912239420726,0.269791405942792,16.8712167949181
1964-06-30,1.50036830454353,0.250066525040213,16.6670093125096
1964-07-31,1.51307336704019,0.257184368695354,16.9974817016605
1964-08-31,1.55087925827329,0.251803839441127,16.2361987948358
1964-09-30,1.41650471763147,0.255863392567794,18.0630102662575
1964-10-31,1.22791619501995,0.284373143066111,23.1590025621814
1964-11-30,1.29509470533705,0.308083886527747,23.7885218168325
1964-12-31,1.30346470485117,0.29139170707507,22.3551666562648
1965-01-31,1.28244917239303,0.274770468441324,21.4254470552315
1965-02-28,1.1971121460929,0.258280247615848,21.5752758385099
1965-03-31,1.1587845389611,0.241835154689127,20.8697256960248
1965-04-30,1.1876846930184,0.248129169731638,20.8918386496199
1965-05-31,1.29449701601246,0.255248878351722,19.7179966577277
1965-06-30,1.2098961271634,0.269593984709116,22.2824074444455
1965-07-31,1.20361805849854,0.24837308566155,20.6355399794669
1965-08-31,1.25358912611496,0.229594150608163,18.3149443326544
1965-09-30,1.31781280379494,0.234355777309166,17.7836925422401
1965-10-31,1.25062334781949,0.215728602913795,17.2496861896849
1965-11-30,1.2953380912178,0.197741473002287,15.2656263521427
1965-12-31,1.45824094554202,0.211002374620218,14.4696509356202
1966-01-31,1.35159186566532,0.204311729643585,15.1163775717911
1966-02-28,1.47094538886311,0.248835029361038,16.9166735383264
1966-03-31,1.54222784666456,0.252290830707705,16.3588558755015
1966-04-30,1.78460898146251,0.269568624255964,15.1051926251682
1966-05-31,1.88952495390879,0.281696223011015,14.9083092249341
1966-06-30,2.250054276836,0.326970364331553,14.5316656445877
1966-07-31,2.4482163738564,0.353733527805336,14.4486219266698
1966-08-31,2.4361350796995,0.384205431027243,15.7711053967761
1966-09-30,2.61927181781085,0.417874839169947,15.9538554314382
1966-10-31,3.00069752365548,0.464000919497237,15.4631020234251
1966-11-30,3.07531601381118,0.496559754348597,16.146625326261
1966-12-31,3.07932077672065,0.498396191671971,16.1852638231065
1967-01-31,3.14303000457014,0.529223342155682,16.8379984087381
1967-02-28,3.07800038088034,0.526020466113198,17.0896816446381
1967-03-31,3.09817743138407,0.551185859172846,17.7906485790458
1967-04-30,3.01146340260171,0.529320155936435,17.5768417268208
1967-05-31,2.967211157068,0.531546687888774,17.9140162176396
1967-06-30,2.88860028600003,0.515751883954056,17.8547335349136
1967-07-31,2.93632513677137,0.519408001770643,17.6890493244817
1967-08-31,3.06213874348509,0.534817881519411,17.4655012826337
1967-09-30,3.10316743341416,0.505408799681324,16.2868685150277
1967-10-31,3.15209520846881,0.497082829438287,15.7699179930468
1967-11-30,3.22532983319719,0.505075460527112,15.659653016834
1967-12-31,3.16585307438266,0.515093970011803,16.2703055988234
1968-01-31,3.521902279033,0.510003034327327,14.480896797266
1968-02-29,3.78477551998108,0.502143201527761,13.2674500476126
1968-03-31,4.03703871950198,0.540078244532133,13.3780793808873
1968-04-30,4.13419006251528,0.537117118883119,12.9920760961902
1968-05-31,4.30153925763147,0.538875232572029,12.5274977234253
1968-06-30,4.43718328784383,0.546007358826656,12.3052694334828
1968-07-31,4.43093592244078,0.527665546705164,11.9086702209519
1968-08-31,4.51259581334734,0.523085181101415,11.5916692462071
1968-09-30,4.57255417669012,0.537797896731087,11.7614330186105
1968-10-31,4.61121142014757,0.552592557505602,11.9836742919915
1968-11-30,4.66607377977576,0.544937502654824,11.6787159478008
1968-12-31,4.7300334324585,0.545268108645825,11.5277855100152
1969-01-31,4.6569384376072,0.54691646173331,11.7441205002127
1969-02-28,4.56381866525696,0.57295748854409,12.5543438635249
1969-03-31,4.64094858039834,0.577336780518356,12.4400598394219
1969-04-30,4.66128119971806,0.615821936919125,13.2114307318849
1969-05-31,4.68559147841192,0.643124729198856,13.7255826113298
1969-06-30,4.64513132671269,0.621980116040182,13.3899360920836
1969-07-31,4.77955341059699,0.648971856506485,13.5780856652342
1969-08-31,4.66519492890035,0.638200484036891,13.6800389643595
1969-09-30,4.66487643136552,0.658506195265713,14.1162623480887
1969-10-31,4.68368489350843,0.669647986224728,14.2974602572615
1969-11-30,4.699605905276,0.684588894950504,14.5669426064418
1969-12-31,4.77407027458468,0.703370321868066,14.7331371641624
1970-01-31,4.72679238481971,0.732211314849017,15.4906595263321
1970-02-28,4.77784306649371,0.719269223327304,15.054266398397
1970-03-31,4.67922992533626,0.709906250132148,15.1714333653124
1970-04-30,4.68561067682856,0.708631069271323,15.123558446195
1970-05-31,4.63027914229138,0.725521376814833,15.6690634520966
1970-06-30,4.64860669640531,0.746645820464055,16.0617120188168
1970-07-31,4.5635763826699,0.747322715618961,16.3758125854298
1970-08-31,4.62651596569792,0.72913425111949,15.7598991665751
1970-09-30,4.6406411185438,0.709349761110737,15.2855983255461
1970-10-31,4.71078486496404,0.692645174817971,14.703392209002
1970-11-30,4.86845470234844,0.686400025759498,14.0989301066803
1970-12-31,4.98412770550086,0.700114832573756,14.0468879198472
1971-01-31,5.02400990328616,0.613211323610265,12.2056153434166
1971-02-28,5.0242955267683,0.594417962862348,11.8308718047222
1971-03-31,4.97155909209842,0.549262157878609,11.0480866807272
1971-04-30,4.9499588799693,0.536581742046687,10.8401252426164
1971-05-31,5.03492963275948,0.511930588421718,10.1675817888471
1971-06-30,5.06317105071785,0.483659933200839,9.55251024221801
1971-07-31,5.07244960983974,0.482998019870385,9.52198754095942
1971-08-31,4.86805077161163,0.489313005236407,10.051518116653
1971-09-30,4.58982815160046,0.461084436110266,10.0457886631221
1971-10-31,4.24967872826391,0.448770449261994,10.5601029620733
1971-11-30,3.9485454872875,0.454799322738381,11.5181482447809
1971-12-31,3.76425678608995,0.435750991545877,11.5760166297928
1972-01-31,3.797895628343,0.448357726615279,11.8054251746485
1972-02-29,3.68458598609836,0.464701429010542,12.612039202337
1972-03-31,3.55182402740636,0.459060138318574,12.924630690496
1972-04-30,3.403867841671,0.429215677276421,12.609645768906
1972-05-31,3.18931606598122,0.398322223681128,12.4892677753022
1972-06-30,2.99285021902963,0.389827719405535,13.0252999941951
1972-07-31,2.89211481543412,0.423107037423313,14.6296763588137
1972-08-31,2.96299672476581,0.419914392462537,14.1719492617976
1972-09-30,3.13546673494113,0.417946331259104,13.3296369118377
1972-10-31,3.0243629653321,0.411717750370595,13.6133709839085
1972-11-30,3.06766290685329,0.401596971377671,13.0913005624082
1972-12-31,3.05784915594234,0.374697035514975,12.2536141060727
1973-01-31,2.67445934967969,0.371244063186388,13.8810882741908
1973-02-28,2.71534131626508,0.388415618659969,14.3044860081984
1973-03-31,2.92630861386938,0.411542432913342,14.0635348904356
1973-04-30,3.29111823772001,0.439560129898257,13.3559507179168
1973-05-31,3.45233400895843,0.461735835034676,13.3745991505029
1973-06-30,3.70125801110184,0.472592074083911,12.768417458777
1973-07-31,3.84654373971292,0.426508305225077,11.0880919101913
1973-08-31,4.12020118553769,0.488605071346925,11.8587673112171
1973-09-30,4.28998769687713,0.503625967377931,11.7395667065559
1973-10-31,4.64864641493301,0.557518505932839,11.993136413686
1973-11-30,4.87006913034815,0.569293829467031,11.6896457571709
1973-12-31,5.14487594603342,0.601977679204224,11.7005285553743
1974-01-31,5.58565226630764,0.660488341171272,11.8247307508794
1974-02-28,5.93609957653453,0.697087692531068,11.743194054336
1974-03-31,6.31719010106621,0.766711875964785,12.1369131480685
1974-04-30,6.49339526074491,0.777714534741318,11.9770089993274
1974-05-31,7.09036094477015,0.886315200749861,12.5002832388048
1974-06-30,7.72859751375369,0.979328942223024,12.6714962252883
1974-07-31,8.21268309216137,1.05729980182688,12.8739875867854
1974-08-31,8.74512538847544,1.09654405969414,12.5389175224314
1974-09-30,9.16500660800725,1.19395529125889,13.0273260274113
1974-10-31,9.59166401704695,1.23902109418095,12.9176865659481
1974-11-30,9.84598155066702,1.30238326450536,13.2275614960616
1974-12-31,10.0012711066812,1.39334373115575,13.9316664481272
1975-01-31,10.1174647089294,1.3885212839906,13.7240042237571
1975-02-28,10.2128374174964,1.39399298286041,13.6494191170835
1975-03-31,9.92902210274427,1.33756249051673,13.471240940707
1975-04-30,9.6448645187217,1.38167780380647,14.3255283796313
1975-05-31,9.08458310590957,1.27186797157945,14.0002899060068
1975-06-30,8.50117535300358,1.26348285154173,14.8624490035407
1975-07-31,8.21934563243094,1.23806458839982,15.0628120992358
1975-08-31,7.55991685553199,1.15254852291869,15.2455185016395
1975-09-30,7.18307472202157,1.16122294521275,16.166098643701
1975-10-31,6.89171306314611,1.16189619561103,16.8593234362055
1975-11-30,6.80916708253822,1.18026744048707,17.3335068177988
1975-12-31,6.69725124661091,1.17216020709705,17.5021089090873
1976-01-31,6.62070137305371,1.15308654566475,17.4163805417628
1976-02-29,6.28850822801698,1.13133680220386,17.9905434036558
1976-03-31,6.09123086948083,1.16954604860089,19.2004879417839
1976-04-30,5.9801429447699,1.14661706186342,19.1737400335258
1976-05-31,6.04544029045227,1.17430799063463,19.424689256947
1976-06-30,5.94635292284025,1.13351002287581,19.0622729189507
1976-07-31,5.87523098165961,1.10339649792254,18.7804786121082
1976-08-31,6.12271827105838,1.122527380714,18.3338074858041
1976-09-30,6.16567425011263,1.06827572254576,17.3261784390612
1976-10-31,6.15309969589903,1.02645339483442,16.6818911697228
1976-11-30,5.93618346011426,1.02110612742502,17.2013909995526
1976-12-31,5.85847423052462,0.930226082921982,15.8782994738663
1977-01-31,5.97087627851725,0.956965292834769,16.0272169141715
1977-02-28,6.18995894888007,0.948997259416693,15.3312367215035
1977-03-31,6.28896150745178,0.977045817219241,15.5358848366545
1977-04-30,6.4064673681935,1.01210660562418,15.7982012153692
1977-05-31,6.45958387085404,1.02741186196203,15.9052329453878
1977-06-30,6.66288279234243,1.00212626531859,15.0404306446801
1977-07-31,6.7308401591326,0.998974003844403,14.8417430844642
1977-08-31,6.63745871840334,0.961056189413808,14.479279347518
1977-09-30,6.4655587166816,0.954321360460384,14.760075691497
1977-10-31,6.45799537882369,0.939933778652361,14.554574965081
1977-11-30,6.51823837476283,0.892421870557659,13.6911511860769
1977-12-31,6.489836917317,0.925558496671639,14.2616603231115
1978-01-31,6.51963881756181,0.970056904662184,14.8789976225242
1978-02-28,6.26603363561457,0.991622426133517,15.8253607273568
1978-03-31,6.37265762469646,0.941950115317529,14.7811191310061
1978-04-30,6.52041166722717,0.908950263310835,13.9400747943476
1978-05-31,6.59602774717194,0.901081394739309,13.6609703487929
1978-06-30,6.55529697741733,0.864148854515377,13.1824516492895
1978-07-31,6.53745308457007,0.929011326781965,14.2106002867485
1978-08-31,6.5799531745292,0.994421087541256,15.1128900337867
1978-09-30,6.75024535100737,0.985858865077557,14.604785660575
1978-10-31,7.0145170303735,1.0735463159642,15.3046362467386
1978-11-30,7.0340942644808,1.14869054138702,16.3303262395475
1978-12-31,6.89315209530024,1.11626380123626,16.1938077936411
1979-01-31,6.81686355704138,1.19157427976537,17.4798024017152
1979-02-28,6.74739666377776,1.16409758045875,17.2525440323972
1979-03-31,6.78092006304843,1.15231557075226,16.9934988178318
1979-04-30,7.0808505101034,1.14734099320615,16.2034347649206
1979-05-31,7.38361213301001,1.14597625960324,15.5205370888851
1979-06-30,7.39802819436502,1.1840878498093,16.0054519758549
1979-07-31,7.29295660832623,1.17455144378239,16.1052849600315
1979-08-31,7.4198439468704,1.14444813394894,15.4241536903435
1979-09-30,7.52837811193751,1.16709997750544,15.5026748145767
1979-10-31,7.54180682564626,1.17962355137809,15.6411265715097
1979-11-30,7.64703986999292,1.14247007316022,14.9400302938564
1979-12-31,8.00403151336822,1.24798907984622,15.5920060754615
1980-01-31,8.25277340586242,1.22914662774338,14.8937401682476
1980-02-29,8.99387285073612,1.35421639524711,15.0570996246213
1980-03-31,9.39798510667461,1.41017762647149,15.0051059930916
1980-04-30,8.96049842102032,1.49220584129994,16.6531566793136
1980-05-31,8.88318335453087,1.50070615438807,16.893787896685
1980-06-30,8.98351955648507,1.54251832075163,17.1705344553751
1980-07-31,9.19211172417955,1.56435842771982,17.0184879672951
1980-08-31,9.25178421914366,1.60715081122577,17.3712526487624
1980-09-30,9.53815087427198,1.68348868929867,17.6500530500066
1980-10-31,9.62546157884439,1.68863524293508,17.5434209476925
1980-11-30,9.79188669299087,1.69684643068653,17.3291060639126
1980-12-31,9.67066203016418,1.64399467116104,16.9998151732858
1981-01-31,9.7879294755964,1.68774959402695,17.2431728102956
1981-02-28,9.48571411345223,1.59146990557337,16.7775444899442
1981-03-31,9.0851328355154,1.60485529660336,17.6646321595838
1981-04-30,9.23821278230963,1.57499451762721,17.0486928017417
1981-05-31,9.11980070290438,1.57802854445911,17.3033226916522
1981-06-30,8.93863588620064,1.57651498481968,17.6370869659596
1981-07-31,8.82491203582962,1.62645596342789,18.4302796087302
1981-08-31,8.75122524201309,1.66132014846459,18.9838577173043
1981-09-30,8.46553483512451,1.65930674160957,19.6007313646021
1981-10-31,8.23292967762982,1.66105340110652,20.1757268207922
1981-11-30,8.02223621990168,1.73921977178519,21.6799870274389
1981-12-31,7.7683201768262,1.73777696795696,22.3700482009089
1982-01-31,7.48758485521024,1.67443682719758,22.3628427533936
1982-02-28,7.10524195068823,1.65242051643666,23.2563581635191
1982-03-31,6.97941310787914,1.62830716153967,23.3301444744896
1982-04-30,6.7360593202066,1.65484321185023,24.5669334723062
1982-05-31,6.57649775204017,1.63682511652587,24.8890089868592
1982-06-30,6.60206695566627,1.62632236515845,24.6335333476533
1982-07-31,6.64207118837888,1.61081025477568,24.251625872273
1982-08-31,6.42386410955309,1.57292826781409,24.4857027015087
1982-09-30,6.10525031262664,1.50477091173205,24.6471616179266
1982-10-31,6.15475022474002,1.44902899161721,23.543262337318
1982-11-30,5.91234256336116,1.3944371134339,23.5851880788376
1982-12-31,5.85823421687761,1.37071643301442,23.3981159214389
1983-01-31,5.93521103661413,1.33069240762591,22.4203048453864
1983-02-28,5.92599309777537,1.41906811381671,23.9465029810689
1983-03-31,5.59592458582287,1.39271366873205,24.8879992461023
1983-04-30,5.48564104806833,1.33815091081753,24.3937016493037
1983-05-31,5.06376282907316,1.32047498630529,26.0769516835167
1983-06-30,5.0115472705416,1.29239818375664,25.7884065337164
1983-07-31,5.03380776521296,1.22595955772558,24.3545167973596
1983-08-31,5.1021876588989,1.22836578155935,24.0752764045617
1983-09-30,5.13943116835375,1.21363949412173,23.6142766459208
1983-10-31,4.65617830684868,1.20429976204853,25.8645542048326
1983-11-30,4.5130008661887,1.16850666728939,25.8920107027635
1983-12-31,4.2528476998432,1.18657444877099,27.9007040109792
1984-01-31,3.88598411261091,1.16101803151329,29.8770658311629
1984-02-29,4.16228670183575,1.0704584556658,25.7180375199449
1984-03-31,4.43177095834426,1.08203421138951,24.4153910831565
1984-04-30,4.59676893004188,1.08981629309724,23.7083114179357
1984-05-31,4.68216629475736,1.11200480221748,23.7497929849822
1984-06-30,4.435871641427,1.11628247101687,25.1648956789419
1984-07-31,4.20734613262998,1.071780940168,25.4740377040962
1984-08-31,4.01693854700831,0.966155095481132,24.0520257946364
1984-09-30,3.74728390057841,0.952696313424019,25.4236492003439
1984-10-31,3.80347931199093,0.943249347361561,24.7996444830883
1984-11-30,3.76756387030837,0.915423534627538,24.2974921232752
1984-12-31,4.1124457188358,0.909681262953327,22.1202010955868
1985-01-31,4.35127715136432,0.876000155617862,20.1320238896573
1985-02-28,4.22919966168467,0.846126534115902,20.0067767379621
1985-03-31,4.19542226201156,0.855655776763694,20.3949858518755
1985-04-30,3.83574668105714,0.853279565089399,22.2454618628317
1985-05-31,3.94276075945325,0.840601263333818,21.3201184301729
1985-06-30,4.05842012773674,0.840693106670594,20.7147875333307
1985-07-31,3.91862781719915,0.82304379099244,21.003367234317
1985-08-31,4.07587968051673,0.819231946937597,20.0995125261827
1985-09-30,4.10796692024199,0.821426454178854,19.995936435887
1985-10-31,4.08416674608865,0.806213002773941,19.7399629568514
1985-11-30,4.11398494104466,0.787883396562694,19.1513437179142
1985-12-31,3.98252720782718,0.782485386211338,19.647960839375
1986-01-31,3.9535508252519,0.784903101945935,19.8531177829471
1986-02-28,3.70600865159084,0.806650054780615,21.7660057116799
1986-03-31,3.6660357618945,0.812529949680352,22.1637213178864
1986-04-30,3.71505726789667,0.812191480761079,21.862152375942
1986-05-31,3.51808846939141,0.788424833745917,22.410602820409
1986-06-30,3.50214513504026,0.794120729775982,22.6752661341905
1986-07-31,3.37102278941799,0.799114084016863,23.7053895489929
1986-08-31,3.07111132262299,0.811975227878388,26.4391336744151
1986-09-30,3.16916227620012,0.808798052374371,25.5208784494347
1986-10-31,3.38539961454085,0.866964306707872,25.6089208193951
1986-11-30,3.36781649541694,0.883328796152815,26.2285310780705
1986-12-31,3.19370613459146,0.877097143959078,27.4633014747075
1987-01-31,2.91636296230134,0.906800935021215,31.0935554573649
1987-02-28,2.84819162214211,0.845175464735998,29.6741082364516
1987-03-31,2.84724120720549,0.8635817081618,30.3304723876692
1987-04-30,3.09220872371268,0.876297995865413,28.3389018711933
1987-05-31,3.20729007053114,0.914146887065116,28.5021581136168
1987-06-30,3.1827369741546,0.930513475520267,29.2362668695684
1987-07-31,3.26080139928534,0.948066451657987,29.0746456336093
1987-08-31,3.39349941365993,0.943432483789581,27.8011683158677
1987-09-30,3.46343946706179,0.96009182023303,27.7207622470019
1987-10-31,3.54716981561597,0.935906556532073,26.3845997000725
1987-11-30,3.54609884027788,0.950770898511261,26.8117427442253
1987-12-31,3.6247265810328,0.931189786356064,25.6899317931654
1988-01-31,3.86472582201046,0.965135523021487,24.9729364376854
1988-02-29,3.87601973458704,1.06324943769119,27.4314763726163
1988-03-31,4.00788951257463,1.04867431401802,26.1652500830634
1988-04-30,4.07845580947544,1.07818038346079,26.4359952351541
1988-05-31,4.14151258501006,1.12034359714122,27.0515560231841
1988-06-30,4.29430559739069,1.12535402152451,26.2057274686809
1988-07-31,4.45716050755523,1.16317604310783,26.0967950590104
1988-08-31,4.36959475594671,1.18902222747153,27.2112700120155
1988-09-30,4.51128751422087,1.1966026927135,26.5246382311362
1988-10-31,4.45983122946197,1.23909100255063,27.7833608223805
1988-11-30,4.5265660825227,1.23851492019708,27.361025943685
1988-12-31,4.64803465086793,1.29279602300429,27.8138206814548
1989-01-31,4.67955180787988,1.28044571089505,27.3625715338574
1989-02-28,4.73898204112409,1.32704290686935,28.0026996378863
1989-03-31,4.60613728292418,1.32763283861024,28.8231278631669
1989-04-30,4.44184042290333,1.30551959315701,29.3914114164345
1989-05-31,4.40161299857203,1.28161428908082,29.1169234891073
1989-06-30,4.23819555144453,1.30495800382657,30.7904151185708
1989-07-31,4.08556212209746,1.31060680929723,32.0789837513079
1989-08-31,3.96572247800892,1.30420994769782,32.8870705131294
1989-09-30,3.78275756761574,1.33855334515075,35.3856497865508
1989-10-31,3.77159914575604,1.32746938464904,35.1964599987452
1989-11-30,3.76854144945857,1.36534870790426,36.2301629480662
1989-12-31,3.72175217791607,1.38161150989458,37.1226090251981
1990-01-31,3.57725249418174,1.31897966207698,36.8713045618739
1990-02-28,3.8243220367349,1.27632039008516,33.3737686791369
1990-03-31,4.01331477262011,1.30249261878047,32.4542851128054
1990-04-30,3.98287402053109,1.32272958857922,33.2104300000641
1990-05-31,3.99668283342398,1.35485976099802,33.8996066855098
1990-06-30,4.12417516743972,1.32839795928977,32.2100275899395
1990-07-31,4.11583174520833,1.35504422871136,32.9227313601658
1990-08-31,4.3995788562423,1.40375963106877,31.9066819106347
1990-09-30,4.39635106050582,1.3621006077079,30.9825259393909
1990-10-31,4.38468331764638,1.40285676774846,31.9944832070903
1990-11-30,4.23415219823332,1.41856728350778,33.5029828190794
1990-12-31,4.07793518356838,1.37648234950745,33.7543949951399
1991-01-31,4.20375204954335,1.4403919034949,34.2644353548724
1991-02-28,3.99111028868259,1.42025855321004,35.585550147221
1991-03-31,3.69104133234172,1.37110116003584,37.1467300575031
1991-04-30,3.59285689192091,1.35058569915257,37.590857075036
1991-05-31,3.68150430134851,1.30972144829467,35.575714194193
1991-06-30,3.50281883824987,1.31249850126281,37.4697796794588
1991-07-31,3.5489376394753,1.25420813770277,35.3403825345379
1991-08-31,3.40326310224934,1.23313156375456,36.2338005233723
1991-09-30,3.4550823227569,1.23325591643385,35.6939661990398
1991-10-31,3.33519626929566,1.21528102438298,36.4380661963149
1991-11-30,3.39867490642663,1.19774360992909,35.2414880182936
1991-12-31,3.50964348125224,1.21874557900405,34.7256234291125
1992-01-31,3.27335566966285,1.20295078758382,36.7497732902248
1992-02-29,3.26703121881947,1.21032557203569,37.04664850044
1992-03-31,3.31972814385337,1.23643490738774,37.2450650718812
1992-04-30,3.45568753475281,1.24425331604946,36.0059555019481
1992-05-31,3.18346788502341,1.24066445700475,38.972105320787
1992-06-30,3.0391743708095,1.23319384095282,40.5766070152912
1992-07-31,3.11539575476743,1.23256419389848,39.5636474760007
1992-08-31,2.92513619749381,1.1959732974012,40.886072191301
1992-09-30,2.68126841982118,1.20200210367833,44.8296073154249
1992-10-31,2.84484669636067,1.20274444385099,42.2780055385628
1992-11-30,2.88100165074188,1.17268755609441,40.7041612000617
1992-12-31,2.80863813209231,1.14352179180518,40.7144579694681
1993-01-31,2.82420841215886,1.12052891670734,39.6758579105993
1993-02-28,2.75169773691297,1.07791149049032,39.172597921296
1993-03-31,2.71391841885429,1.00013568260578,36.8520908977063
1993-04-30,2.66639971337943,0.964783234510688,36.1829934825455
1993-05-31,2.86744004895416,0.979579157575547,34.162149542859
1993-06-30,2.88999859645836,0.946790529298243,32.7609338792939
1993-07-31,2.7124954739983,0.929101133366911,34.2526334983109
1993-08-31,2.81631999224577,0.888319835529217,31.5418644889446
1993-09-30,2.80193877292616,0.842494959383984,30.0682858428109
1993-10-31,2.56956688458155,0.789268261272983,30.7160037751465
1993-11-30,2.61004298057145,0.747254791358813,28.6299803076502
1993-12-31,2.46492863308424,0.710212139794306,28.8126857005857
1994-01-31,2.25012138930868,0.712794562527918,31.6780492783509
1994-02-28,2.27418395404045,0.714582300376541,31.4214819389158
1994-03-31,2.39868772871539,0.723091567558711,30.1452981520843
1994-04-30,2.24983389070997,0.708163578365889,31.4762605937284
1994-05-31,2.14069394231988,0.661411975386779,30.8970825913584
1994-06-30,2.2654809485646,0.673222984607632,29.7165590835881
1994-07-31,2.27064276072259,0.679904494077345,29.9432612579259
1994-08-31,2.18987949191711,0.666701987816451,30.4446884076161
1994-09-30,2.19542212574818,0.649443746242047,29.5817254743537
1994-10-31,2.26424254527753,0.679883771958439,30.026985111487
1994-11-30,2.18769259899101,0.677714194952058,30.9784928314256
1994-12-31,2.18050341015493,0.664849924529356,30.4906619926871
1995-01-31,2.35662768217308,0.731586718780975,31.0437972156198
1995-02-28,2.31080339280359,0.698475488527251,30.2265216808351
1995-03-31,2.21103234794989,0.694524727314749,31.4117849953089
1995-04-30,2.29896185335088,0.685875046017455,29.8341203451354
1995-05-31,2.2439282623447,0.651817334230285,29.0480469081126
1995-06-30,2.10028566570653,0.62520924858616,29.7678196254241
1995-07-31,2.0507283339177,0.549487310922671,26.794739304788
1995-08-31,2.1794801903543,0.574479941068724,26.3585759398591
1995-09-30,2.15252797029037,0.566137866092306,26.3010689712866
1995-10-31,2.17212398830347,0.54293382522905,24.9955264134395
1995-11-30,2.04322837846369,0.536478581050435,26.2564178681687
1995-12-31,2.14216479212684,0.537892634739392,25.1097691791184
1996-01-31,2.02282786051207,0.405647606250154,20.0534911629834
1996-02-29,1.97626469826644,0.408998258289693,20.6955201217965
1996-03-31,1.95969774729704,0.389896274552505,19.8957352015268
1996-04-30,1.85889751906844,0.384348416105498,20.6761487474635
1996-05-31,1.86662422034745,0.391870162691637,20.993521803692
1996-06-30,1.86369746786354,0.408098992076394,21.8972767368848
1996-07-31,1.89835915926623,0.410766088443746,21.6379543585693
1996-08-31,1.74069839918709,0.385135922249304,22.1253677506203
1996-09-30,1.91452650857202,0.394183136002617,20.5890664996133
1996-10-31,1.90477029878937,0.374781562810437,19.6759453383244
1996-11-30,1.97436169472238,0.383082054236614,19.4028305583836
1996-12-31,1.87827273305828,0.370831284343227,19.7432075659973
1997-01-31,1.86792638778206,0.355787930424382,19.0472136777744
1997-02-28,1.94666627846538,0.350612090727151,18.010898663306
1997-03-31,1.95303716880694,0.37832347159336,19.3710328526143
1997-04-30,2.02470369437487,0.378858700396157,18.7118096069426
1997-05-31,1.92358633729255,0.372383940067141,19.3588368168216
1997-06-30,1.9906943891832,0.348112215365296,17.4869742566627
1997-07-31,1.8624086052262,0.346865883468652,18.6245855230315
1997-08-31,1.73000505276036,0.335196868242675,19.3754849275059
1997-09-30,1.64420763166593,0.328720195681775,19.9926207220381
1997-10-31,1.55611948953245,0.264811537069204,17.0174295001452
1997-11-30,1.44584410952762,0.247278978996624,17.102741392875
1997-12-31,1.46596642610946,0.269360037354856,18.3742296247338
1998-01-31,1.52289918444087,0.289048227655261,18.980128862659
1998-02-28,1.4039230855419,0.28770487586866,20.4929229265867
1998-03-31,1.27698841778457,0.285986406316219,22.3953798118524
1998-04-30,1.25126261572939,0.282417315543206,22.5705868610627
1998-05-31,1.26946321915176,0.295284611593199,23.260588187069
1998-06-30,0.997945888645473,0.284512338720709,28.509796168095
1998-07-31,1.21617762928706,0.295328308961324,24.2833202855778
1998-08-31,1.44838048616644,0.290586945351045,20.0628873508346
1998-09-30,1.21626080025691,0.300646804228919,24.7189422009994
1998-10-31,1.25314862068118,0.349029866143622,27.8522323995295
1998-11-30,1.23908566762639,0.359137477160206,28.9840716056521
1998-12-31,1.34663780966234,0.34523997144783,25.6371809086808
1999-01-31,1.34322776047031,0.360318362227862,26.8248150337291
1999-02-28,1.2189670474498,0.371491394155313,30.4759176987195
1999-03-31,1.14747814358713,0.342193633469131,29.8213639520313
1999-04-30,1.21608241296745,0.327024285241555,26.8916219619985
1999-05-31,1.21344448402103,0.323391364099539,26.6506929948625
1999-06-30,1.39361223101897,0.326790697032359,23.4491840526843
1999-07-31,1.29660243554433,0.344864336485748,26.5975388470538
1999-08-31,1.14563146902988,0.347191267234122,30.305667801542
1999-09-30,1.43268458027758,0.336945499828079,23.5184704621303
1999-10-31,1.41449394695134,0.350437187264889,24.7747392641862
1999-11-30,1.49621092185053,0.346985672351548,23.1909597292869
1999-12-31,1.44315692635363,0.361309839835423,25.0360742645175
2000-01-31,1.55298756503671,0.388960436509211,25.0459466170946
2000-02-29,1.73349476111871,0.380721170991098,21.9626375302917
2000-03-31,1.90784823672892,0.372442802167187,19.5216157657149
2000-04-30,1.7203698480647,0.389942367305044,22.6661940014645
2000-05-31,1.72935719936008,0.391132935312881,22.6172438786859
2000-06-30,1.76331527542723,0.382387477848246,21.6857123157172
2000-07-31,1.81628713900708,0.469699333119716,25.8604117725841
2000-08-31,1.89360654329786,0.48809659695808,25.7760303314131
2000-09-30,1.85961678246208,0.493310524975401,26.5275367284153
2000-10-31,1.83733114252,0.502776241399868,27.3644869868304
2000-11-30,1.91900276213407,0.504453953188161,26.2872968784668
2000-12-31,1.88943283596858,0.491056468603023,25.9896228780893
2001-01-31,2.02861776175506,0.508271474647837,25.0550638089704
2001-02-28,2.05105251332311,0.535729090588259,26.1197159559933
2001-03-31,1.96617831361475,0.561173456411135,28.5413307900562
2001-04-30,2.06932800856342,0.591894342982026,28.6032151757775
2001-05-31,1.98011167459037,0.576608612821871,29.1200047058535
2001-06-30,2.12636280874414,0.614694629573626,28.9082665971134
2001-07-31,2.15038516647159,0.508060781437563,23.6265013988728
2001-08-31,2.06580835116344,0.51649710164738,25.0021789947985
2001-09-30,1.2447065816026,0.541306715623908,43.4887003591608
2001-10-31,1.76365648351789,0.506112738966423,28.6967866869914
2001-11-30,1.8098039630913,0.512594433656042,28.3232020765656
2001-12-31,1.75667481866535,0.516696000580112,29.4132980725868
2002-01-31,1.42797770015424,0.424003108859842,29.692558141072
2002-02-28,1.43881459727923,0.388790699811929,27.0215982342079
2002-03-31,1.45753534807546,0.39500099517483,27.100611707043
2002-04-30,1.56714380705263,0.376134742610559,24.0012908143999
2002-05-31,1.68070242217687,0.404545928211955,24.0700508831291
2002-06-30,1.60846959422059,0.373103234313005,23.1961633377222
2002-07-31,1.54801544988756,0.440060618037919,28.4274047826773
2002-08-31,1.69153036370492,0.446225855917311,26.3800086295793
2002-09-30,2.46409031748316,0.451956913359007,18.3417348849712
2002-10-31,1.83895748490471,0.456979718244172,24.8499338345417
2002-11-30,1.73217471088094,0.483681072778508,27.9233422437233
2002-12-31,1.79252776118587,0.526389628894854,29.3657727535898
2003-01-31,1.82350558840486,0.572854594068422,31.4150171905717
2003-02-28,1.78572260173751,0.587968899753311,32.926105050203
2003-03-31,1.81418121263773,0.610988256836992,33.6784579501099
2003-04-30,1.6396666149262,0.624754068023171,38.1025058591738
2003-05-31,1.68260284211007,0.696322182013272,41.3836328209246
2003-06-30,1.56883442969773,0.703243949468613,44.8258870506881
2003-07-31,1.60759381132326,0.681529181376786,42.394364582419
2003-08-31,1.50605490448636,0.660423603666782,43.8512302373213
2003-09-30,1.49647733121958,0.627132091347907,41.9072229337959
2003-10-31,1.60781047273019,0.697899840878418,43.4068475554414
2003-11-30,1.63535624097396,0.673453261501729,41.1808292669398
2003-12-31,1.66972732336656,0.61378512304208,36.7596022687433
2004-01-31,1.86280956793753,0.715497836337723,38.4096071145861
2004-02-29,1.88178099687824,0.734040058573667,39.0077304315112
2004-03-31,1.87315730911115,0.708108331185019,37.802929190236
2004-04-30,2.03913871683652,0.70782710789458,34.7120626002673
2004-05-31,2.01674309844231,0.633674187922155,31.4206697130433
2004-06-30,2.14098914098291,0.641365881461579,29.9565219264556
2004-07-31,2.00152224031195,0.611010109198396,30.5272705390056
2004-08-31,1.92429070199451,0.610480793800663,31.7249775809812
2004-09-30,1.96452675129885,0.61955384461736,31.5370530947333
2004-10-31,1.99429703952451,0.55810434254265,27.9850158467726
2004-11-30,2.07314314928922,0.55039016160647,26.5485845391415
2004-12-31,2.07198055354529,0.567403832856068,27.3846118818637
2005-01-31,2.18557946411848,0.529963271279327,24.2481813166687
2005-02-28,2.18881832261437,0.557880412916137,25.4877441015659
2005-03-31,2.27422168180128,0.545958850876084,24.0064042676641
2005-04-30,2.11839602960337,0.533640299209872,25.1907713077515
2005-05-31,2.19532628294937,0.528823755817778,24.0886177114099
2005-06-30,2.09473575871995,0.52815627120614,25.2135033742339
2005-07-31,2.11020834826278,0.520327879927009,24.6576543190803
2005-08-31,2.1736986333023,0.520745691407684,23.9566646189846
2005-09-30,2.21978367811617,0.554003781337645,24.9575572070069
2005-10-31,2.29584410947044,0.594400958342305,25.8903013445198
2005-11-30,2.33592855434932,0.606232648198182,25.9525338251216
2005-12-31,2.30533043508714,0.583616871208529,25.3159747655207
2006-01-31,2.15061493730945,0.521297916864559,24.239481825451
2006-02-28,2.15485625305765,0.485521414507301,22.5314989720714
2006-03-31,2.18669008534079,0.503714614825127,23.0354826320358
2006-04-30,2.38160123097695,0.506408013491519,21.2633419442677
2006-05-31,2.43718100662357,0.522258346833317,21.4287878255233
2006-06-30,2.62419953681318,0.540066667953391,20.5802440087786
2006-07-31,2.56688588510116,0.56300327966432,21.9333193942174
2006-08-31,2.69710012121529,0.583187629978394,21.6227653319601
2006-09-30,2.62483253381567,0.555772237532355,21.173626521782
2006-10-31,2.51691027266038,0.510691368863296,20.2904082203731
2006-11-30,2.31392229580536,0.489319699814408,21.1467645521822
2006-12-31,2.33838407286773,0.51591025949474,22.0626827509153
2007-01-31,2.52360281255589,0.68212648861691,27.0298671892054
2007-02-28,2.58358848067261,0.69717517885623,26.9847610821801
2007-03-31,2.40147231809303,0.672171407028827,27.9899710675236
2007-04-30,2.2401609257664,0.652616173449752,29.1325576633062
2007-05-31,2.09738782390554,0.623258826403264,29.715955213409
2007-06-30,2.01528318128424,0.614394192899897,30.4867424392623
2007-07-31,2.06820507629027,0.589093324423417,28.4833129546355
2007-08-31,2.01781750676358,0.58368678831137,28.9266391214712
2007-09-30,2.13329045841209,0.604842476334073,28.3525608971357
2007-10-31,2.21299988423426,0.68161145229161,30.8003383618549
2007-11-30,2.36132501269109,0.664823727219407,28.1546895766686
2007-12-31,2.43975702252503,0.700756205103345,28.722376803658
2008-01-31,2.22869766338597,0.517433744189915,23.2168657369075
2008-02-29,2.11277742903825,0.498243046675588,23.5823726544822
2008-03-31,2.20791594347132,0.498267628581221,22.5673278031516
2008-04-30,2.11621768292473,0.513474439454208,24.2637817270555
2008-05-31,2.17750417564908,0.516485564473169,23.7191538022751
2008-06-30,2.24463877063634,0.498698536647584,22.2173181347218
2008-07-31,2.27537286151402,0.52460726137334,23.0558810930121
2008-08-31,2.23521520236266,0.508601073805977,22.754009245659
2008-09-30,2.06900402399624,0.471097385407583,22.7692831886169
2008-10-31,1.66496210690849,0.416351758987347,25.0066807682747
2008-11-30,1.41910440025883,0.446994782044646,31.4983719283174
2008-12-31,1.16423166538062,0.40346025899172,34.6546371301296
2009-01-31,0.924412470420895,0.473209013673366,51.1902455683996
2009-02-28,0.904245628352459,0.472656551098588,52.2708140662809
2009-03-31,0.781130805036577,0.485582299961851,62.1640187316788
2009-04-30,0.942975804960185,0.473042043716431,50.1648124191696
2009-05-31,0.83849141041968,0.502385505680617,59.9154027623448
2009-06-30,0.737501779354281,0.51602618555251,69.9694834640692
2009-07-31,0.642327217905212,0.485203055038103,75.5382990962877
2009-08-31,0.669388937327344,0.523978261405436,78.2771020234534
2009-09-30,0.742791044704574,0.517212041016882,69.6308934664917
2009-10-31,1.25154148534708,0.57752745587048,46.1452906381541
2009-11-30,1.38207287966906,0.582634318619574,42.1565553590118
2009-12-31,1.51692084457838,0.57819244548968,38.1161909374635
2010-01-31,1.69367404486141,0.531724606914848,31.3947426028105
2010-02-28,1.70275337232299,0.533032871210566,31.3041735740844
2010-03-31,1.77617416389563,0.53506196829678,30.1244089218843
2010-04-30,1.60692483160275,0.547671731254067,34.0819757392024
2010-05-31,1.64629455404784,0.503904584419854,30.6084098487039
2010-06-30,1.56533865753801,0.512421028359982,32.7354739431227
2010-07-31,1.48207716474468,0.503733926838733,33.9883738054565
2010-08-31,1.42516444694573,0.466084432208122,32.7039053778662
2010-09-30,1.30645358024607,0.495615062253491,37.9359106015952
2010-10-31,1.08410963486614,0.405822588885348,37.4337221839614
2010-11-30,1.12493983999853,0.380753361832221,33.8465532372574
2010-12-31,1.06055962132731,0.36014633831333,33.9581416330559
2011-01-31,1.12547588537921,0.325793369748829,28.9471657261727
2011-02-28,1.21479190388321,0.346901262223193,28.5564351486281
2011-03-31,1.21646455852258,0.343522377919307,28.2394070186904
2011-04-30,1.3958553885574,0.341695793049076,24.4793118148302
2011-05-31,1.5279453571552,0.366448271013483,23.9830743486635
2011-06-30,1.5891818508579,0.351605121019792,22.1249142022345
2011-07-31,1.73886557660256,0.355238091116778,20.4293014880915
2011-08-31,1.84521398712461,0.348902642870256,18.9085192993767
2011-09-30,1.85577810095405,0.353825448667857,19.0661506613294
2011-10-31,1.74461816904223,0.326535331636315,18.7167219412588
2011-11-30,1.82936728227817,0.331822375203114,18.1386416176573
2011-12-31,1.97676067456064,0.374752040292027,18.9578862588068
2012-01-31,2.06144671516586,0.385569089836297,18.7038106296759
2012-02-29,2.02476275874455,0.359644044786786,17.7622807034333
2012-03-31,2.04564701728238,0.341114621842802,16.6751457588206
2012-04-30,1.96864469056205,0.339962837284743,17.2688773608854
2012-05-31,1.82941202838716,0.339550255288762,18.5606222119418
2012-06-30,1.82664844348236,0.328666578526698,17.992875405194
2012-07-31,1.77869321011834,0.356233305588534,20.0278105050411
2012-08-31,1.64202326284896,0.351340495878051,21.3968037985324
2012-09-30,1.69517294924034,0.332694375012526,19.6259841900861
2012-10-31,1.89905687003844,0.336645667953699,17.7269924489878
2012-11-30,1.78792993308044,0.312864025285138,17.4986737173812
2012-12-31,1.69120246057473,0.316383243499203,18.7075912479269
2013-01-31,1.58553903026508,0.339189375190342,21.3926853086444
2013-02-28,1.55778230560105,0.346710339866821,22.2566618339555
2013-03-31,1.48470149592361,0.360560105006802,24.2850233529604
2013-04-30,1.3834822406319,0.23481493546519,16.9727466366276
2013-05-31,1.4005792852305,0.228017558221695,16.2802320886938
2013-06-30,1.47218619943599,0.249445946517059,16.9439128428608
2013-07-31,1.49745689297743,0.22538170887117,15.0509647341526
2013-08-31,1.54819516114266,0.187263351127478,12.0955907774099
2013-09-30,1.54124325108362,0.21324885317403,13.8361581161247
2013-10-31,1.46827190258381,0.253712683551725,17.2796798130681
2013-11-30,1.52763590749,0.274699241524814,17.9819838076576
2013-12-31,1.56828237152643,0.226191991430361,14.4229123235126
2014-01-31,1.48124889868421,0.199082307358818,13.4401657638809
2014-02-28,1.40822823835346,0.176926655542063,12.563777001726
2014-03-31,1.46098188217764,0.164577049050782,11.2648247769832
2014-04-30,1.57868568286989,0.261468358700968,16.5624076748226
2014-05-31,1.63055050283835,0.259936679221443,15.9416515323483
2014-06-30,1.56714439813691,0.251116387874446,16.0238193859471
2014-07-31,1.61602319553463,0.233848332036564,14.4706049197022
2014-08-31,1.54638369658131,0.274990251602502,17.7827955772193
2014-09-30,1.56277710524177,0.253766631053916,16.2381845883682
2014-10-31,1.47984958587262,0.146167365212666,9.87717715422249
2014-11-30,1.39852358931145,0.165417424595099,11.8280038934875
2014-12-31,1.36174416027202,0.174017427916201,12.7790104039395
2015-01-31,1.21935289110932,0.0953928021600364,7.82323172033094
2015-02-28,1.28436243695946,0.103858845265184,8.08641254808528
2015-03-31,1.28189829487442,0.0930947035902847,7.26225348473568
2015-04-30,1.2982159565292,0.121050302687248,9.32435794510475
2015-05-31,1.25038198580848,0.0981686096154446,7.85108956539953
2015-06-30,1.26214329796167,0.0813935570100735,6.44883644682202
2015-07-31,1.18390997473772,0.101560220965302,8.5783736206633
2015-08-31,1.22453455812165,0.103521081724391,8.45391263462462
2015-09-30,1.23696477999966,0.100584331478198,8.13154368697757
2015-10-31,1.1896892787602,0.143520255187775,12.0636755958111
2015-11-30,1.20499437869157,0.123636285723385,10.2603205383941
2015-12-31,1.20074986413489,0.131269433741694,10.9322880362157
2016-01-31,1.41723059421922,0.187437037169104,13.2255850200839
2016-02-29,1.47108177926769,0.193558192228354,13.1575412703914
2016-03-31,1.46992970234555,0.189869493724589,12.9169097965444
2016-04-30,1.53116606304598,0.174539897568089,11.3991487782111
2016-05-31,1.58303305909755,0.215760490501708,13.6295631516822
2016-06-30,1.561788907047,0.205866586812703,13.1814604319319
2016-07-31,1.61430745486009,0.225832262578422,13.9894207821765
2016-08-31,1.71133872543656,0.226278484739291,13.2223084405203
2016-09-30,1.7005167643169,0.228906661184587,13.4610058535083
2016-10-31,1.79773813836134,0.273382254379779,15.2070119972518
2016-11-30,1.74375992567402,0.277618493905665,15.92068322125
2016-12-31,1.78740288855356,0.274776239116147,15.3729324751459
2017-01-31,1.8830872134558,0.292474005226439,15.5316229188183
2017-02-28,1.88919609318783,0.268725109604992,14.2243100424554
2017-03-31,1.6988680699635,0.298157569916019,17.5503663402435
2017-04-30,1.65667867196816,0.296714264198936,17.910187969429
2017-05-31,1.5669805359969,0.270356735049685,17.2533563014353
2017-06-30,1.58930169138189,0.294231020396374,18.5132264057771
2017-07-31,1.51503008949977,0.252480592438044,16.6650546538919
2017-08-31,1.44821005373502,0.235928489460859,16.2910407128016
2017-09-30,1.43232735824219,0.253974459146549,17.7315931085919
2017-10-31,1.54915188768424,0.316243367024754,20.4139677677115
2017-11-30,1.54942524493411,0.291232561333019,18.7961673068909
2017-12-31,1.5792523980837,0.293957114737351,18.6136880396094
2018-01-31,1.63453619238502,0.308497586085618,18.8737078764513
2018-02-28,1.64696980269977,0.329213671611298,19.989053294823
2018-03-31,1.92157299353739,0.347253710925391,18.0713255282661
2018-04-30,1.89285053999788,0.373266563248892,19.7198117527711
2018-05-31,1.98652254285013,0.370405374658987,18.6459185168648
2018-06-30,1.95117681485002,0.367390294019758,18.8291645956237
2018-07-31,2.01039087255525,0.390078031772191,19.4030940498846
2018-08-31,1.91298387681547,0.375346366865432,19.6209895658016
2018-09-30,1.97675307696849,0.363761734228359,18.4019814344347
2018-10-31,1.88993500088718,0.317857521128019,16.81843666469
2018-11-30,2.01552643997235,0.363618700776345,18.0408797208005
2018-12-31,2.05848391185048,0.367820115853284,17.8684960196085
2019-01-31,1.85735755218709,0.349171197049132,18.7993526953372
2019-02-28,1.75498920319833,0.355942525812545,20.2817501762329
2019-03-31,1.62070679809091,0.318997170644526,19.6825959525982
2019-04-30,1.64971339785262,0.326047586709657,19.7638927545877
2019-05-31,1.56873430828296,0.322131094994019,20.5344584671323
2019-06-30,1.66217104051282,0.317394078697447,19.0951515193962
2019-07-31,1.64508230339246,0.323205022671951,19.6467387683548
2019-08-31,1.75252229969076,0.361585961791559,20.632317309478
2019-09-30,1.64280881981765,0.359216322673356,21.8659845467125
2019-10-31,1.63881329891663,0.399076915621465,24.3515790288792
2019-11-30,1.51253542359289,0.369202768186869,24.4095286912264
2019-12-31,1.56435362137935,0.358120563920538,22.8925582442651
2020-01-31,1.62423626981865,0.386476024004981,23.794322980371
2020-02-29,1.72593680974105,0.392914495178961,22.7652885645281
2020-03-31,1.56098888235058,0.385920606447178,24.7228286383467
2020-04-30,1.03730748086577,0.365139551522124,35.2007055051186
2020-05-31,0.978726855294163,0.484849746429324,49.5388211538958
2020-06-30,0.950037827585196,0.520968520404584,54.8366081094666
2020-07-31,1.19946869422114,0.537284727353593,44.7935598438001
2020-08-31,1.38239640220851,0.55409041199324,40.081876016751
2020-09-30,1.47774590367373,0.555233325703594,37.5729903445013
2020-10-31,1.42527188668884,0.502828579369172,35.2794848523485
2020-11-30,1.46625032149933,0.507570978026128,34.6169389076147
2020-12-31,1.5251870043696,0.501625300605177,32.8894292416627
2021-01-31,1.71361129837767,0.626723097879224,36.573235626572
2021-02-28,1.74081133976102,0.713966533582137,41.0134353605572
2021-03-31,2.19669121999838,0.68866451218587,31.3500826113548
2021-04-30,3.12183487158318,0.632954160242491,20.2750685503587
2021-05-31,3.54567056952336,0.553425448693966,15.6084847095189
2021-06-30,3.86811575901952,0.491043278776467,12.6946376315515
2021-07-31,3.92994810333035,0.473597857590875,12.050995207533
2021-08-31,3.96288711400476,0.447774155934169,11.2991902886091
2021-09-30,4.0138541680172,0.474230641055549,11.8148448150973
2021-10-31,4.44258686132,0.442841595499012,9.96810212884467
2021-11-30,4.89914728629025,0.455711408270169,9.30185155987103
2021-12-31,5.21921123781081,0.498003600049522,9.54174064543914
2022-01-31,5.37587985345969,0.461201657001926,8.57909160125883
2022-02-28,5.625233323713,0.377353596940507,6.70823013420233
2022-03-31,5.61366733356445,0.358845500351059,6.39235421389331
2022-04-30,5.37708044435808,0.302525270268389,5.62619944780283
2022-05-31,5.21232665544878,0.351351604290925,6.7407825241274
2022-06-30,5.33591902383546,0.47766065165572,8.95179723534067
2022-07-31,5.12179264017551,0.478280876648804,9.3381538506099
2022-08-31,5.38058056318367,0.491332554539735,9.13158996078697
2022-09-30,5.6254829835159,0.472631431824319,8.40161517169725
2022-10-31,5.48023072895667,0.517509993298145,9.44321542090746
2022-11-30,5.23456266946191,0.496896834888849,9.4926141163179
2022-12-31,4.99698684609574,0.472046322980642,9.44661928316787
2023-01-31,4.97293671565484,0.353993091668434,7.11839124262453
2023-02-28,4.89279144588424,0.37519309554253,7.66828301782898
2023-03-31,4.81549577576653,0.418960459560522,8.70025598753292
2023-04-30,4.8143181117023,0.51289679672754,10.6535709694967
2023-05-31,4.75671147635298,0.510178519714978,10.7254459777774
2023-06-30,4.42194088079821,0.402261447170362,9.09694313004359
2023-07-31,4.33542676888647,0.445796425871145,10.2826422780437
2023-08-31,3.86441643243108,0.410132551102986,10.6130526632963
2023-09-30,3.72882934908845,0.388126048401939,10.4087908580965
2023-10-31,3.50589639085636,0.432313724617752,12.3310467971974
2023-11-30,3.32456795753627,0.457607399451305,13.764417070013
2023-12-31,3.14463622099173,0.467450759015954,14.8650185956496
2024-01-31,3.2135412249623,0.584626888568459,18.1926058401606
2024-02-29,3.10952447006784,0.562358660415173,18.0850373048489
2024-03-31,3.17288812428558,0.532790722349666,16.7919794672758
2024-04-30,3.05845639773367,0.466956693359429,15.2677243888599
2024-05-31,2.8197821425968,0.465589394435903,16.5115378029571
2024-06-30,2.79611859093326,0.502853740285883,17.9839918777567
2024-07-31,2.83626542461893,0.447086994582337,15.7632283178294
2024-08-31,2.90885985545197,0.469518738971489,16.1409886451383
2024-09-30,2.86114755417289,0.563002491546613,19.6775063462033
2024-10-31,3.01507089294458,0.529770767894104,17.5707565992493
2024-11-30,2.99762568014249,0.52614477755426,17.5520506459382
2024-12-31,2.99773937044959,0.538706198168446,17.9704147558249
2025-01-31,2.79911125302055,0.429205654771831,15.3336404299283
2025-02-28,2.98386525081189,0.467750098228776,15.6759792722378
2025-03-31,2.67597357724856,0.480390885431748,17.9520040674574
2025-04-30,2.62237900559692,0.536650551822759,20.4642635819381
2025-05-31,2.79520026058852,0.492114910377415,17.605712095698
2025-06-30,2.81398442490712,0.536179439576489,19.0541011823186
2025-07-31,2.86948221243771,0.563578332499045,19.640419099175
2025-08-31,2.92018102279171,0.563898991263415,19.3104121580902
2025-09-30,2.83297614669894,0.488245064772742,17.2343514202073
2025-10-31,2.76369634958789,0.528053681498556,19.1067908591802
2025-11-30,2.83848503986748,0.55043789095553,19.3919602613523
2025-12-31,3.00954715609184,0.502989754347986,16.7131375007648
2026-01-31,3.06353352956754,0.619339719267072,20.2165151218208
